year,river,run,lat,long,z_score_lat,day_of_yr
1925,Anan Creek,odd,56.18256667,131.8907083,-0.848194865,205.0534086
1926,Litnik,even,58.08005,152.8184972,-0.004556911,229.4812756
1926,Anan Creek,even,56.18256667,131.8907083,-0.848194865,191.4391729
1927,Anan Creek,odd,56.18256667,131.8907083,-0.848194865,217.3832427
1927,Litnik,odd,58.08005,152.8184972,-0.004556911,216.9130307
1928,Anan Creek,even,56.18256667,131.8907083,-0.848194865,196.645058
1928,Karluk,even,57.56256111,154.3904528,-0.23463707,254.7207081
1928,Litnik,even,58.08005,152.8184972,-0.004556911,220.7084898
1929,Karluk,odd,57.56256111,154.3904528,-0.23463707,215.4867716
1929,Ayakulik,odd,57.19558333,154.5353167,-0.397798652,217.2228641
1929,Anan Creek,odd,56.18256667,131.8907083,-0.848194865,206.0627631
1929,Litnik,odd,58.08005,152.8184972,-0.004556911,225.8564115
1930,Karluk,even,57.56256111,154.3904528,-0.23463707,221.9538673
1930,Anan Creek,even,56.18256667,131.8907083,-0.848194865,203.4177684
1930,Ayakulik,even,57.19558333,154.5353167,-0.397798652,206.5554247
1930,Litnik,even,58.08005,152.8184972,-0.004556911,229.1999906
1931,Anan Creek,odd,56.18256667,131.8907083,-0.848194865,202.9489815
1931,Litnik,odd,58.08005,152.8184972,-0.004556911,246.3030179
1931,Ayakulik,odd,57.19558333,154.5353167,-0.397798652,212.9708982
1931,Karluk,odd,57.56256111,154.3904528,-0.23463707,231.8973332
1932,Karluk,even,57.56256111,154.3904528,-0.23463707,229.4859579
1932,Litnik,even,58.08005,152.8184972,-0.004556911,235.1056498
1932,Ayakulik,even,57.19558333,154.5353167,-0.397798652,216.6644056
1932,Anan Creek,even,56.18256667,131.8907083,-0.848194865,212.9802124
1933,Karluk,odd,57.56256111,154.3904528,-0.23463707,224.7201768
1934,Ayakulik,even,57.19558333,154.5353167,-0.397798652,211.223565
1934,Karluk,even,57.56256111,154.3904528,-0.23463707,220.2446056
1935,Ayakulik,odd,57.19558333,154.5353167,-0.397798652,210.4655597
1935,Karluk,odd,57.56256111,154.3904528,-0.23463707,224.3771314
1935,Sashin Creek,odd,56.37891667,134.6538361,-0.76089591,239.4969104
1936,Karluk,even,57.56256111,154.3904528,-0.23463707,224.980506
1936,Sashin Creek,even,56.37891667,134.6538361,-0.76089591,246.0359099
1936,Ayakulik,even,57.19558333,154.5353167,-0.397798652,210.0709311
1937,Karluk,odd,57.56256111,154.3904528,-0.23463707,227.0533267
1938,Ayakulik,even,57.19558333,154.5353167,-0.397798652,212.3435088
1938,Karluk,even,57.56256111,154.3904528,-0.23463707,233.7696275
1938,Sashin Creek,even,56.37891667,134.6538361,-0.76089591,251.6135733
1939,Karluk,odd,57.56256111,154.3904528,-0.23463707,238.8020904
1939,Sashin Creek,odd,56.37891667,134.6538361,-0.76089591,249.4806479
1939,Ayakulik,odd,57.19558333,154.5353167,-0.397798652,217.1555498
1940,Sashin Creek,even,56.37891667,134.6538361,-0.76089591,247.2599058
1940,Karluk,even,57.56256111,154.3904528,-0.23463707,220.2878635
1940,Ayakulik,even,57.19558333,154.5353167,-0.397798652,208.9125249
1941,Ayakulik,odd,57.19558333,154.5353167,-0.397798652,210.188364
1941,Karluk,odd,57.56256111,154.3904528,-0.23463707,216.6009668
1942,Ayakulik,even,57.19558333,154.5353167,-0.397798652,214.8401489
1942,Karluk,even,57.56256111,154.3904528,-0.23463707,233.9794172
1942,Sashin Creek,even,56.37891667,134.6538361,-0.76089591,258.9160666
1943,Karluk,odd,57.56256111,154.3904528,-0.23463707,228.9322674
1943,Sashin Creek,odd,56.37891667,134.6538361,-0.76089591,249.9220793
1944,Karluk,even,57.56256111,154.3904528,-0.23463707,219.9890561
1944,Sashin Creek,even,56.37891667,134.6538361,-0.76089591,252.32045
1945,Sashin Creek,odd,56.37891667,134.6538361,-0.76089591,256.7235567
1945,Ayakulik,odd,57.19558333,154.5353167,-0.397798652,210.4458554
1946,Babine,even,55.32963611,126.6314611,-1.227415371,245.3012283
1946,Ayakulik,even,57.19558333,154.5353167,-0.397798652,213.9509048
1946,Karluk,even,57.56256111,154.3904528,-0.23463707,225.1851799
1946,Sashin Creek,even,56.37891667,134.6538361,-0.76089591,257.286038
1947,Babine,odd,55.32963611,126.6314611,-1.227415371,240.9511202
1947,Karluk,odd,57.56256111,154.3904528,-0.23463707,224.0920994
1947,Sashin Creek,odd,56.37891667,134.6538361,-0.76089591,257.0408149
1948,Ayakulik,even,57.19558333,154.5353167,-0.397798652,230.6251339
1948,Sashin Creek,even,56.37891667,134.6538361,-0.76089591,255.2057006
1948,Karluk,even,57.56256111,154.3904528,-0.23463707,225.9477042
1949,Sashin Creek,odd,56.37891667,134.6538361,-0.76089591,254.1734372
1949,Ayakulik,odd,57.19558333,154.5353167,-0.397798652,237.0000053
1949,Babine,odd,55.32963611,126.6314611,-1.227415371,243.8710324
1950,Babine,even,55.32963611,126.6314611,-1.227415371,242.2132664
1950,Sashin Creek,even,56.37891667,134.6538361,-0.76089591,257.6029967
1950,Ayakulik,even,57.19558333,154.5353167,-0.397798652,240.4888814
1951,Sashin Creek,odd,56.37891667,134.6538361,-0.76089591,250.1810686
1951,Babine,odd,55.32963611,126.6314611,-1.227415371,245.8737714
1952,Babine,even,55.32963611,126.6314611,-1.227415371,257.8614844
1952,Ayakulik,even,57.19558333,154.5353167,-0.397798652,223.196133
1952,Sashin Creek,even,56.37891667,134.6538361,-0.76089591,258.9330711
1953,Sashin Creek,odd,56.37891667,134.6538361,-0.76089591,243.6479018
1953,Babine,odd,55.32963611,126.6314611,-1.227415371,234.6425272
1954,Babine,even,55.32963611,126.6314611,-1.227415371,247.5518211
1954,Ayakulik,even,57.19558333,154.5353167,-0.397798652,221.8511752
1955,Sashin Creek,odd,56.37891667,134.6538361,-0.76089591,246.2468842
1955,Babine,odd,55.32963611,126.6314611,-1.227415371,244.3651714
1956,Ayakulik,even,57.19558333,154.5353167,-0.397798652,227.5040576
1956,Sashin Creek,even,56.37891667,134.6538361,-0.76089591,258.1963599
1956,Babine,even,55.32963611,126.6314611,-1.227415371,246.2708063
1957,Sashin Creek,odd,56.37891667,134.6538361,-0.76089591,237.297039
1957,Babine,odd,55.32963611,126.6314611,-1.227415371,235.0411915
1958,Sashin Creek,even,56.37891667,134.6538361,-0.76089591,246.4126053
1958,Babine,even,55.32963611,126.6314611,-1.227415371,240.8425839
1958,Ayakulik,even,57.19558333,154.5353167,-0.397798652,223.6309045
1959,Sashin Creek,odd,56.37891667,134.6538361,-0.76089591,240.9484952
1959,Babine,odd,55.32963611,126.6314611,-1.227415371,235.1511627
1960,Ayakulik,even,57.19558333,154.5353167,-0.397798652,227.0396495
1960,Sashin Creek,even,56.37891667,134.6538361,-0.76089591,253.9246433
1960,Babine,even,55.32963611,126.6314611,-1.227415371,246.9861799
1960,Karluk,even,57.56256111,154.3904528,-0.23463707,231.329882
1961,Babine,odd,55.32963611,126.6314611,-1.227415371,233.4779833
1961,Sashin Creek,odd,56.37891667,134.6538361,-0.76089591,230.0567381
1962,Karluk,even,57.56256111,154.3904528,-0.23463707,227.4968082
1962,Ayakulik,even,57.19558333,154.5353167,-0.397798652,226.1952841
1962,Babine,even,55.32963611,126.6314611,-1.227415371,243.2019864
1963,Sashin Creek,odd,56.37891667,134.6538361,-0.76089591,237.7410845
1963,Babine,odd,55.32963611,126.6314611,-1.227415371,233.1691554
1963,Karluk,odd,57.56256111,154.3904528,-0.23463707,217.3303889
1964,Ayakulik,even,57.19558333,154.5353167,-0.397798652,229.9399485
1964,Karluk,even,57.56256111,154.3904528,-0.23463707,233.2164743
1965,Babine,odd,55.32963611,126.6314611,-1.227415371,235.6658839
1965,Karluk,odd,57.56256111,154.3904528,-0.23463707,238.7926768
1965,Sashin Creek,odd,56.37891667,134.6538361,-0.76089591,236.9128572
1966,Babine,even,55.32963611,126.6314611,-1.227415371,241.6295449
1966,Ayakulik,even,57.19558333,154.5353167,-0.397798652,227.4054881
1966,Sashin Creek,even,56.37891667,134.6538361,-0.76089591,242.5354684
1966,Karluk,even,57.56256111,154.3904528,-0.23463707,226.7945646
1967,Babine,odd,55.32963611,126.6314611,-1.227415371,239.6303207
1967,Karluk,odd,57.56256111,154.3904528,-0.23463707,243.1244093
1967,Sashin Creek,odd,56.37891667,134.6538361,-0.76089591,230.8683841
1968,Babine,even,55.32963611,126.6314611,-1.227415371,243.7417203
1968,Karluk,even,57.56256111,154.3904528,-0.23463707,226.259233
1968,Sashin Creek,even,56.37891667,134.6538361,-0.76089591,241.7748417
1968,Ayakulik,even,57.19558333,154.5353167,-0.397798652,224.3190654
1969,Babine,odd,55.32963611,126.6314611,-1.227415371,246.3929031
1969,Sashin Creek,odd,56.37891667,134.6538361,-0.76089591,225.4555524
1969,Kadashan East,odd,57.717575,135.2218139,-0.165716517,204.4343145
1969,Karluk,odd,57.56256111,154.3904528,-0.23463707,241.9603669
1970,Babine,even,55.32963611,126.6314611,-1.227415371,241.651581
1970,Ayakulik,even,57.19558333,154.5353167,-0.397798652,209.3540982
1970,Sashin Creek,even,56.37891667,134.6538361,-0.76089591,241.3280898
1970,Karluk,even,57.56256111,154.3904528,-0.23463707,233.9611614
1971,Kadashan East,odd,57.717575,135.2218139,-0.165716517,215.3067994
1971,Auke Creek,odd,58.38052222,134.6422139,0.12903571,249.5197164
1971,Sashin Creek,odd,56.37891667,134.6538361,-0.76089591,240.3702553
1971,Karluk,odd,57.56256111,154.3904528,-0.23463707,222.9637095
1971,Babine,odd,55.32963611,126.6314611,-1.227415371,243.3791935
1972,Karluk,even,57.56256111,154.3904528,-0.23463707,235.8185529
1972,Kadashan East,even,57.717575,135.2218139,-0.165716517,213.8487599
1972,Babine,even,55.32963611,126.6314611,-1.227415371,248.5633807
1972,Auke Creek,even,58.38052222,134.6422139,0.12903571,245.7779772
1972,Sashin Creek,even,56.37891667,134.6538361,-0.76089591,242.0301028
1972,Ayakulik,even,57.19558333,154.5353167,-0.397798652,207.4201088
1973,Kadashan East,odd,57.717575,135.2218139,-0.165716517,206.1583864
1973,Babine,odd,55.32963611,126.6314611,-1.227415371,238.6591161
1973,Sashin Creek,odd,56.37891667,134.6538361,-0.76089591,223.5082584
1973,Yukon River Anvik River,odd,62.680041,160.205599,2.040639972,193.9232897
1974,Auke Creek,even,58.38052222,134.6422139,0.12903571,280.4008173
1974,Sashin Creek,even,56.37891667,134.6538361,-0.76089591,246.6827109
1974,Babine,even,55.32963611,126.6314611,-1.227415371,245.2232547
1974,Kadashan East,even,57.717575,135.2218139,-0.165716517,210.6266889
1974,Karluk,even,57.56256111,154.3904528,-0.23463707,246.1876099
1975,Auke Creek,odd,58.38052222,134.6422139,0.12903571,245.5040744
1975,Ayakulik,odd,57.19558333,154.5353167,-0.397798652,217.4559942
1975,Sashin Creek,odd,56.37891667,134.6538361,-0.76089591,240.7508348
1975,Babine,odd,55.32963611,126.6314611,-1.227415371,241.4409263
1975,Karluk,odd,57.56256111,154.3904528,-0.23463707,240.0413624
1975,Kadashan East,odd,57.717575,135.2218139,-0.165716517,214.2365381
1975,Yukon River Anvik River,odd,62.680041,160.205599,2.040639972,199.0584975
1976,Karluk,even,57.56256111,154.3904528,-0.23463707,224.6924637
1976,Yukon River Anvik River,even,62.680041,160.205599,2.040639972,196.7066016
1976,Auke Creek,even,58.38052222,134.6422139,0.12903571,247.3337579
1976,Sashin Creek,even,56.37891667,134.6538361,-0.76089591,245.0990202
1976,Babine,even,55.32963611,126.6314611,-1.227415371,249.9813202
1976,Ayakulik,even,57.19558333,154.5353167,-0.397798652,212.446242
1977,Ayakulik,odd,57.19558333,154.5353167,-0.397798652,196.7475547
1977,Chilkoot Lake,odd,59.321025,135.5558722,0.547191604,224.5892656
1977,Babine,odd,55.32963611,126.6314611,-1.227415371,237.6234708
1977,Kadashan East,odd,57.717575,135.2218139,-0.165716517,210.0291849
1977,Auke Creek,odd,58.38052222,134.6422139,0.12903571,246.2206801
1977,Sashin Creek,odd,56.37891667,134.6538361,-0.76089591,240.1303157
1977,Karluk,odd,57.56256111,154.3904528,-0.23463707,216.1722599
1978,Litnik,even,58.08005,152.8184972,-0.004556911,243.2091041
1978,Kadashan East,even,57.717575,135.2218139,-0.165716517,206.7264365
1978,Auke Creek,even,58.38052222,134.6422139,0.12903571,256.6790039
1978,Karluk,even,57.56256111,154.3904528,-0.23463707,231.4415066
1978,Ayakulik,even,57.19558333,154.5353167,-0.397798652,218.6197938
1978,Sashin Creek,even,56.37891667,134.6538361,-0.76089591,244.2434082
1978,Babine,even,55.32963611,126.6314611,-1.227415371,243.6646954
1979,Kadashan East,odd,57.717575,135.2218139,-0.165716517,205.2445587
1979,Babine,odd,55.32963611,126.6314611,-1.227415371,234.9527206
1979,Sashin Creek,odd,56.37891667,134.6538361,-0.76089591,241.388982
1979,Karluk,odd,57.56256111,154.3904528,-0.23463707,221.3331436
1979,Litnik,odd,58.08005,152.8184972,-0.004556911,224.4472564
1979,Ayakulik,odd,57.19558333,154.5353167,-0.397798652,211.0884196
1980,Litnik,even,58.08005,152.8184972,-0.004556911,234.159884
1980,Hugh Smith,even,55.09679444,130.7146639,-1.330938846,236.369326
1980,Auke Creek,even,58.38052222,134.6422139,0.12903571,247.7186061
1980,Ayakulik,even,57.19558333,154.5353167,-0.397798652,205.5428715
1980,Babine,even,55.32963611,126.6314611,-1.227415371,245.1866454
1980,Karluk,even,57.56256111,154.3904528,-0.23463707,215.125531
1980,Chilkoot Lake,even,59.321025,135.5558722,0.547191604,235.1212164
1980,Sashin Creek,even,56.37891667,134.6538361,-0.76089591,242.0697471
1980,Buskin,even,57.77676111,152.5370806,-0.139401846,233
1981,Buskin,odd,57.77676111,152.5370806,-0.139401846,240
1981,Ayakulik,odd,57.19558333,154.5353167,-0.397798652,215.8036069
1981,Chilkoot Lake,odd,59.321025,135.5558722,0.547191604,232.8917205
1981,Litnik,odd,58.08005,152.8184972,-0.004556911,232.1342855
1981,Babine,odd,55.32963611,126.6314611,-1.227415371,239.7011848
1981,Goodnews River,odd,59.16493333,161.4608611,0.477791862,204.3752673
1981,Karluk,odd,57.56256111,154.3904528,-0.23463707,229.0531473
1981,Auke Creek,odd,58.38052222,134.6422139,0.12903571,245.3288442
1982,Ayakulik,even,57.19558333,154.5353167,-0.397798652,207.4837798
1982,Chilkoot Lake,even,59.321025,135.5558722,0.547191604,237.3456864
1982,Buskin,even,57.77676111,152.5370806,-0.139401846,239
1982,Karluk,even,57.56256111,154.3904528,-0.23463707,220.4733141
1982,Goodnews River,even,59.16493333,161.4608611,0.477791862,212.2709246
1982,Hugh Smith,even,55.09679444,130.7146639,-1.330938846,243.1395835
1982,Litnik,even,58.08005,152.8184972,-0.004556911,225.6351615
1982,Babine,even,55.32963611,126.6314611,-1.227415371,239.8101266
1982,Kadashan East,even,57.717575,135.2218139,-0.165716517,219.1025879
1982,Auke Creek,even,58.38052222,134.6422139,0.12903571,242.9270014
1983,Kadashan East,odd,57.717575,135.2218139,-0.165716517,210.2877295
1983,Hugh Smith,odd,55.09679444,130.7146639,-1.330938846,233.7277837
1983,Ayakulik,odd,57.19558333,154.5353167,-0.397798652,225.1266927
1983,Chilkoot Lake,odd,59.321025,135.5558722,0.547191604,222.8143513
1983,Karluk,odd,57.56256111,154.3904528,-0.23463707,236.4789934
1983,Buskin,odd,57.77676111,152.5370806,-0.139401846,235
1983,Litnik,odd,58.08005,152.8184972,-0.004556911,222.9170805
1983,Auke Creek,odd,58.38052222,134.6422139,0.12903571,233.0616678
1983,Babine,odd,55.32963611,126.6314611,-1.227415371,237.9296688
1984,Kanektok River,even,59.7702,161.0668333,0.746898801,205.0969031
1984,Karluk,even,57.56256111,154.3904528,-0.23463707,217.6527084
1984,Goodnews River,even,59.16493333,161.4608611,0.477791862,205.8067399
1984,Litnik,even,58.08005,152.8184972,-0.004556911,244.7055505
1984,Kadashan East,even,57.717575,135.2218139,-0.165716517,212.211055
1984,Buskin,even,57.77676111,152.5370806,-0.139401846,255
1984,Ayakulik,even,57.19558333,154.5353167,-0.397798652,215.56783
1984,Hugh Smith,even,55.09679444,130.7146639,-1.330938846,244.5667753
1984,Babine,even,55.32963611,126.6314611,-1.227415371,240.9638413
1984,Auke Creek,even,58.38052222,134.6422139,0.12903571,238.3170629
1985,Kadashan East,odd,57.717575,135.2218139,-0.165716517,218.5991529
1985,Goodnews River,odd,59.16493333,161.4608611,0.477791862,207.4444428
1985,Karluk,odd,57.56256111,154.3904528,-0.23463707,231.5506299
1985,Hugh Smith,odd,55.09679444,130.7146639,-1.330938846,243.6913065
1985,Buskin,odd,57.77676111,152.5370806,-0.139401846,221.493006
1985,Ayakulik,odd,57.19558333,154.5353167,-0.397798652,222.7851058
1985,Babine,odd,55.32963611,126.6314611,-1.227415371,246.0513017
1985,Litnik,odd,58.08005,152.8184972,-0.004556911,236.1450687
1985,Chilkoot Lake,odd,59.321025,135.5558722,0.547191604,244.4183166
1985,Auke Creek,odd,58.38052222,134.6422139,0.12903571,238.5337666
1986,Kanektok River,even,59.7702,161.0668333,0.746898801,190.8287549
1986,Karluk,even,57.56256111,154.3904528,-0.23463707,231.1490429
1986,Goodnews River,even,59.16493333,161.4608611,0.477791862,203.069524
1986,Kadashan East,even,57.717575,135.2218139,-0.165716517,219.7149007
1986,Auke Creek,even,58.38052222,134.6422139,0.12903571,236.3771432
1986,Buskin,even,57.77676111,152.5370806,-0.139401846,227.6544379
1986,Babine,even,55.32963611,126.6314611,-1.227415371,241.4020217
1986,Chilkoot Lake,even,59.321025,135.5558722,0.547191604,230.3181584
1986,Hugh Smith,even,55.09679444,130.7146639,-1.330938846,256.0758913
1986,Sashin Creek,even,56.37891667,134.6538361,-0.76089591,247.8299219
1986,Ayakulik,even,57.19558333,154.5353167,-0.397798652,223.7426271
1986,Litnik,even,58.08005,152.8184972,-0.004556911,244.631343
1987,Auke Creek,odd,58.38052222,134.6422139,0.12903571,236.5000094
1987,Chilkoot Lake,odd,59.321025,135.5558722,0.547191604,229.4612839
1987,Karluk,odd,57.56256111,154.3904528,-0.23463707,238.2547269
1987,Goodnews River,odd,59.16493333,161.4608611,0.477791862,202.6447662
1987,Litnik,odd,58.08005,152.8184972,-0.004556911,243.6410011
1987,Hugh Smith,odd,55.09679444,130.7146639,-1.330938846,244.5142382
1987,Buskin,odd,57.77676111,152.5370806,-0.139401846,226.1528698
1987,Kadashan East,odd,57.717575,135.2218139,-0.165716517,213.8788999
1987,Ayakulik,odd,57.19558333,154.5353167,-0.397798652,230.5082769
1987,Babine,odd,55.32963611,126.6314611,-1.227415371,243.7012131
1987,Coghill River,odd,61.07589722,147.8732611,1.327423391,198.072935
1987,Sashin Creek,odd,56.37891667,134.6538361,-0.76089591,250.9641357
1988,Karluk,even,57.56256111,154.3904528,-0.23463707,231.9828344
1988,Goodnews River,even,59.16493333,161.4608611,0.477791862,202.9117328
1988,Auke Creek,even,58.38052222,134.6422139,0.12903571,240.2845605
1988,Chilkoot Lake,even,59.321025,135.5558722,0.547191604,252.8982248
1988,Hugh Smith,even,55.09679444,130.7146639,-1.330938846,240.2516844
1988,Situk Lower,even,59.44026667,139.5619222,0.600207509,231.5734662
1988,Kogrukluk River,even,60.85080583,157.849982,1.227345759,204.7042812
1988,Buskin,even,57.77676111,152.5370806,-0.139401846,221.6635589
1988,Litnik,even,58.08005,152.8184972,-0.004556911,237.8001803
1988,Babine,even,55.32963611,126.6314611,-1.227415371,240.7127332
1988,Ayakulik,even,57.19558333,154.5353167,-0.397798652,224.2991594
1989,Karluk,odd,57.56256111,154.3904528,-0.23463707,228.8960872
1989,Ayakulik,odd,57.19558333,154.5353167,-0.397798652,227.0046717
1989,Chilkoot Lake,odd,59.321025,135.5558722,0.547191604,236.5458622
1989,Buskin,odd,57.77676111,152.5370806,-0.139401846,223.3404999
1989,Situk Lower,odd,59.44026667,139.5619222,0.600207509,216.4222203
1989,Goodnews River,odd,59.16493333,161.4608611,0.477791862,202.1303622
1989,Litnik,odd,58.08005,152.8184972,-0.004556911,233.4014265
1989,Babine,odd,55.32963611,126.6314611,-1.227415371,241.4804675
1989,Auke Creek,odd,58.38052222,134.6422139,0.12903571,241.3653468
1989,Hugh Smith,odd,55.09679444,130.7146639,-1.330938846,239.011925
1990,Karluk,even,57.56256111,154.3904528,-0.23463707,227.1171336
1990,Buskin,even,57.77676111,152.5370806,-0.139401846,227.8071659
1990,Ayakulik,even,57.19558333,154.5353167,-0.397798652,220.7937146
1990,Litnik,even,58.08005,152.8184972,-0.004556911,229.3144503
1990,Goodnews River,even,59.16493333,161.4608611,0.477791862,198.2364012
1990,Chilkoot Lake,even,59.321025,135.5558722,0.547191604,243.6740987
1990,Babine,even,55.32963611,126.6314611,-1.227415371,235.1809206
1990,Auke Creek,even,58.38052222,134.6422139,0.12903571,236.1275299
1990,Hugh Smith,even,55.09679444,130.7146639,-1.330938846,244.013399
1991,Babine,odd,55.32963611,126.6314611,-1.227415371,238.4760572
1991,Tuluksak River weir,odd,61.04401667,160.58415,1.313249013,201
1991,Buskin,odd,57.77676111,152.5370806,-0.139401846,237.1729684
1991,Ayakulik,odd,57.19558333,154.5353167,-0.397798652,218.4221968
1991,Goodnews River,odd,59.16493333,161.4608611,0.477791862,194.9326357
1991,Hugh Smith,odd,55.09679444,130.7146639,-1.330938846,247.4072204
1991,Chilkoot Lake,odd,59.321025,135.5558722,0.547191604,224.5337146
1991,Litnik,odd,58.08005,152.8184972,-0.004556911,238.5684936
1991,Auke Creek,odd,58.38052222,134.6422139,0.12903571,235.5013138
1991,Karluk,odd,57.56256111,154.3904528,-0.23463707,231.6344463
1992,Hugh Smith,even,55.09679444,130.7146639,-1.330938846,244.312915
1992,Auke Creek,even,58.38052222,134.6422139,0.12903571,233.7758038
1992,Babine,even,55.32963611,126.6314611,-1.227415371,237.3950023
1992,Karluk,even,57.56256111,154.3904528,-0.23463707,232.9475506
1992,Tuluksak River weir,even,61.04401667,160.58415,1.313249013,219
1992,Buskin,even,57.77676111,152.5370806,-0.139401846,227.6580713
1992,Litnik,even,58.08005,152.8184972,-0.004556911,230.3803501
1992,Ayakulik,even,57.19558333,154.5353167,-0.397798652,222.8737401
1992,Nass Gitwinksihlkw,even,55.192297,129.221854,-1.288477561,227.8835293
1992,Kwethluk River,even,60.50156389,161.1190611,1.072069687,225
1992,Goodnews River,even,59.16493333,161.4608611,0.477791862,206.7345616
1992,Chilkoot Lake,even,59.321025,135.5558722,0.547191604,242.9760301
1993,Hugh Smith,odd,55.09679444,130.7146639,-1.330938846,254.5579144
1993,Babine,odd,55.32963611,126.6314611,-1.227415371,239.6918027
1993,Auke Creek,odd,58.38052222,134.6422139,0.12903571,240.9256947
1993,Chilkoot Lake,odd,59.321025,135.5558722,0.547191604,226.3209208
1993,Litnik,odd,58.08005,152.8184972,-0.004556911,237.1071335
1993,Buskin,odd,57.77676111,152.5370806,-0.139401846,235.073446
1993,Karluk,odd,57.56256111,154.3904528,-0.23463707,242.8421329
1993,Nass Gitwinksihlkw,odd,55.192297,129.221854,-1.288477561,214.5775401
1993,Goodnews River,odd,59.16493333,161.4608611,0.477791862,208.3942659
1993,Ayakulik,odd,57.19558333,154.5353167,-0.397798652,229.4692754
1993,Tuluksak River weir,odd,61.04401667,160.58415,1.313249013,216
1994,Hugh Smith,even,55.09679444,130.7146639,-1.330938846,243.4841424
1994,Litnik,even,58.08005,152.8184972,-0.004556911,236.8801062
1994,Babine,even,55.32963611,126.6314611,-1.227415371,237.7569838
1994,Karluk,even,57.56256111,154.3904528,-0.23463707,229.3074662
1994,Situk Lower,even,59.44026667,139.5619222,0.600207509,212.5705189
1994,Tuluksak River weir,even,61.04401667,160.58415,1.313249013,217
1994,Nass Gitwinksihlkw,even,55.192297,129.221854,-1.288477561,227.4111747
1994,Buskin,even,57.77676111,152.5370806,-0.139401846,230.9628207
1994,Goodnews River,even,59.16493333,161.4608611,0.477791862,206.7585311
1994,Chilkoot Lake,even,59.321025,135.5558722,0.547191604,248.3607533
1994,Auke Creek,even,58.38052222,134.6422139,0.12903571,239.1837835
1994,East Fork Andreafsky River,even,62.11745278,162.8026472,1.790508249,200.3622451
1994,Ayakulik,even,57.19558333,154.5353167,-0.397798652,219.9965935
1995,Goodnews River,odd,59.16493333,161.4608611,0.477791862,208.6604624
1995,Ayakulik,odd,57.19558333,154.5353167,-0.397798652,229.851255
1995,Buskin,odd,57.77676111,152.5370806,-0.139401846,231.1460588
1995,Karluk,odd,57.56256111,154.3904528,-0.23463707,235.0395867
1995,Hugh Smith,odd,55.09679444,130.7146639,-1.330938846,247.4976864
1995,Litnik,odd,58.08005,152.8184972,-0.004556911,243.904255
1995,Auke Creek,odd,58.38052222,134.6422139,0.12903571,241.199344
1995,East Fork Andreafsky River,odd,62.11745278,162.8026472,1.790508249,203.4386671
1995,Chilkoot Lake,odd,59.321025,135.5558722,0.547191604,230.5686098
1995,Sashin Creek,odd,56.37891667,134.6538361,-0.76089591,253.3145428
1995,Babine,odd,55.32963611,126.6314611,-1.227415371,250.8167822
1995,Nass Gitwinksihlkw,odd,55.192297,129.221854,-1.288477561,225.0545601
1995,Yukon River Pilot Station,odd,61.94334722,162.8684389,1.713099371,203.9072893
1996,Sashin Creek,even,56.37891667,134.6538361,-0.76089591,247.3394534
1996,East Fork Andreafsky River,even,62.11745278,162.8026472,1.790508249,198.5360166
1996,Ayakulik,even,57.19558333,154.5353167,-0.397798652,220.7071535
1996,Auke Creek,even,58.38052222,134.6422139,0.12903571,231.8752252
1996,Buskin,even,57.77676111,152.5370806,-0.139401846,231.8550169
1996,Litnik,even,58.08005,152.8184972,-0.004556911,233.2788409
1996,Chilkoot Lake,even,59.321025,135.5558722,0.547191604,224.7422501
1996,Hugh Smith,even,55.09679444,130.7146639,-1.330938846,243.2780464
1996,Babine,even,55.32963611,126.6314611,-1.227415371,240.7125001
1996,Nass Gitwinksihlkw,even,55.192297,129.221854,-1.288477561,234.5941625
1996,Karluk,even,57.56256111,154.3904528,-0.23463707,231.1725078
1996,North River,even,63.53168,160.3948398,2.419286241,191.7593927
1996,Goodnews River,even,59.16493333,161.4608611,0.477791862,210.9479234
1996,Deshka,even,61.70486389,150.3226389,1.607067562,207.2702075
1996,George River,even,61.92531111,157.7014667,1.705080356,204.1416797
1997,Ayakulik,odd,57.19558333,154.5353167,-0.397798652,227.0222589
1997,Goodnews River,odd,59.16493333,161.4608611,0.477791862,237.8569473
1997,East Fork Andreafsky River,odd,62.11745278,162.8026472,1.790508249,225.1037752
1997,Litnik,odd,58.08005,152.8184972,-0.004556911,244.9028979
1997,Hugh Smith,odd,55.09679444,130.7146639,-1.330938846,239.4090619
1997,Karluk,odd,57.56256111,154.3904528,-0.23463707,241.8728874
1997,Kanektok River,odd,59.7702,161.0668333,0.746898801,202.3872709
1997,Chilkoot Lake,odd,59.321025,135.5558722,0.547191604,229.2902432
1997,Fish Creek,odd,61.44815556,149.8255861,1.492932755,214.3126329
1997,Sashin Creek,odd,56.37891667,134.6538361,-0.76089591,249.1359276
1997,North River,odd,63.53168,160.3948398,2.419286241,203.8977617
1997,Nass Gitwinksihlkw,odd,55.192297,129.221854,-1.288477561,227.5363718
1997,Buskin,odd,57.77676111,152.5370806,-0.139401846,234.295558
1997,Situk Lower,odd,59.44026667,139.5619222,0.600207509,214.2934339
1997,Auke Creek,odd,58.38052222,134.6422139,0.12903571,235.8664813
1997,Deshka,odd,61.70486389,150.3226389,1.607067562,224.1132003
1997,Babine,odd,55.32963611,126.6314611,-1.227415371,238.2135876
1998,Ayakulik,even,57.19558333,154.5353167,-0.397798652,218.8567637
1998,Buskin,even,57.77676111,152.5370806,-0.139401846,234.6221765
1998,Sashin Creek,even,56.37891667,134.6538361,-0.76089591,246.0570608
1998,Karluk,even,57.56256111,154.3904528,-0.23463707,228.7895807
1998,Yukon River Pilot Station,even,61.94334722,162.8684389,1.713099371,198.3090431
1998,Nass Gitwinksihlkw,even,55.192297,129.221854,-1.288477561,222.1295043
1998,Goodnews River,even,59.16493333,161.4608611,0.477791862,214.2345809
1998,Babine,even,55.32963611,126.6314611,-1.227415371,240.9387235
1998,Litnik,even,58.08005,152.8184972,-0.004556911,230.613223
1998,East Fork Andreafsky River,even,62.11745278,162.8026472,1.790508249,197.578722
1998,Deshka,even,61.70486389,150.3226389,1.607067562,209.3901128
1998,North River,even,63.53168,160.3948398,2.419286241,193.244751
1998,Auke Creek,even,58.38052222,134.6422139,0.12903571,236.6907372
1998,Chilkoot Lake,even,59.321025,135.5558722,0.547191604,229.6637414
1998,Fish Creek,even,61.44815556,149.8255861,1.492932755,220.1029268
1999,Buskin,odd,57.77676111,152.5370806,-0.139401846,237.116055
1999,Deshka,odd,61.70486389,150.3226389,1.607067562,219.243513
1999,Karluk,odd,57.56256111,154.3904528,-0.23463707,247.8286592
1999,Nass Gitwinksihlkw,odd,55.192297,129.221854,-1.288477561,230.3361826
1999,Yukon River Pilot Station,odd,61.94334722,162.8684389,1.713099371,208.0493937
1999,North River,odd,63.53168,160.3948398,2.419286241,201.3925314
1999,Auke Creek,odd,58.38052222,134.6422139,0.12903571,243.6924074
1999,Babine,odd,55.32963611,126.6314611,-1.227415371,246.2084452
1999,East Fork Andreafsky River,odd,62.11745278,162.8026472,1.790508249,209.9950079
1999,Hugh Smith,odd,55.09679444,130.7146639,-1.330938846,245.0916366
1999,George River,odd,61.92531111,157.7014667,1.705080356,222.4123646
1999,Litnik,odd,58.08005,152.8184972,-0.004556911,245.1277226
1999,Ayakulik,odd,57.19558333,154.5353167,-0.397798652,220.5151508
1999,Sashin Creek,odd,56.37891667,134.6538361,-0.76089591,255.0562422
2000,Deshka,even,61.70486389,150.3226389,1.607067562,212.9440998
2000,Nass Gitwinksihlkw,even,55.192297,129.221854,-1.288477561,224.6711426
2000,Karluk,even,57.56256111,154.3904528,-0.23463707,230.7040148
2000,Yukon River Pilot Station,even,61.94334722,162.8684389,1.713099371,196.6577756
2000,Babine,even,55.32963611,126.6314611,-1.227415371,239.7951842
2000,Buskin,even,57.77676111,152.5370806,-0.139401846,240.855718
2000,Kwethluk River,even,60.50156389,161.1190611,1.072069687,216
2000,Hugh Smith,even,55.09679444,130.7146639,-1.330938846,239.5007457
2000,Litnik,even,58.08005,152.8184972,-0.004556911,241.8587627
2000,East Fork Andreafsky River,even,62.11745278,162.8026472,1.790508249,197.2638153
2000,Auke Creek,even,58.38052222,134.6422139,0.12903571,236.3927821
2000,Chilkoot Lake,even,59.321025,135.5558722,0.547191604,241.6646781
2000,Ayakulik,even,57.19558333,154.5353167,-0.397798652,223.8662309
2000,North River,even,63.53168,160.3948398,2.419286241,188.234107
2000,Sashin Creek,even,56.37891667,134.6538361,-0.76089591,245.0233067
2000,George River,even,61.92531111,157.7014667,1.705080356,201.9928918
2000,Fish Creek,even,61.44815556,149.8255861,1.492932755,221.721665
2001,Yukon River Pilot Station,odd,61.94334722,162.8684389,1.713099371,205.9246377
2001,East Fork Andreafsky River,odd,62.11745278,162.8026472,1.790508249,237.49295
2001,North River,odd,63.53168,160.3948398,2.419286241,209.5377069
2001,Situk Lower,odd,59.44026667,139.5619222,0.600207509,211.5600332
2001,Babine,odd,55.32963611,126.6314611,-1.227415371,245.3544752
2001,George River,odd,61.92531111,157.7014667,1.705080356,207.6471458
2001,Nass Gitwinksihlkw,odd,55.192297,129.221854,-1.288477561,229.0319612
2001,Ayakulik,odd,57.19558333,154.5353167,-0.397798652,218.1538264
2001,Chilkoot Lake,odd,59.321025,135.5558722,0.547191604,232.2208413
2001,Tuluksak River weir,odd,61.04401667,160.58415,1.313249013,218
2001,Karluk,odd,57.56256111,154.3904528,-0.23463707,236.890041
2001,Hugh Smith,odd,55.09679444,130.7146639,-1.330938846,248.2910964
2001,Auke Creek,odd,58.38052222,134.6422139,0.12903571,240.0404747
2001,Buskin,odd,57.77676111,152.5370806,-0.139401846,237.4837197
2001,Deshka,odd,61.70486389,150.3226389,1.607067562,208.2053393
2001,Fish Creek,odd,61.44815556,149.8255861,1.492932755,224.4778394
2001,Sashin Creek,odd,56.37891667,134.6538361,-0.76089591,239.9587085
2001,Litnik,odd,58.08005,152.8184972,-0.004556911,235.7291683
2002,Karluk,even,57.56256111,154.3904528,-0.23463707,224.7613056
2002,George River,even,61.92531111,157.7014667,1.705080356,193.4811142
2002,Auke Creek,even,58.38052222,134.6422139,0.12903571,231.6865974
2002,Kwethluk River,even,60.50156389,161.1190611,1.072069687,206
2002,Yukon River Pilot Station,even,61.94334722,162.8684389,1.713099371,188.6324631
2002,Situk Lower,even,59.44026667,139.5619222,0.600207509,214.0161008
2002,Deshka,even,61.70486389,150.3226389,1.607067562,208.6381745
2002,Kanektok River,even,59.7702,161.0668333,0.746898801,209.6100541
2002,East Fork Andreafsky River,even,62.11745278,162.8026472,1.790508249,191.0868624
2002,Buskin,even,57.77676111,152.5370806,-0.139401846,236.727918
2002,Tuluksak River weir,even,61.04401667,160.58415,1.313249013,195
2002,Ayakulik,even,57.19558333,154.5353167,-0.397798652,221.7080143
2002,Hugh Smith,even,55.09679444,130.7146639,-1.330938846,240.463125
2002,Litnik,even,58.08005,152.8184972,-0.004556911,230.9458644
2002,Nass Gitwinksihlkw,even,55.192297,129.221854,-1.288477561,229.3220025
2002,Babine,even,55.32963611,126.6314611,-1.227415371,241.4221369
2002,Chilkoot Lake,even,59.321025,135.5558722,0.547191604,231.6493365
2002,North River,even,63.53168,160.3948398,2.419286241,184.0242779
2002,Sashin Creek,even,56.37891667,134.6538361,-0.76089591,246.8640416
2003,Litnik,odd,58.08005,152.8184972,-0.004556911,232.8019402
2003,Babine,odd,55.32963611,126.6314611,-1.227415371,234.4850438
2003,Chilkoot Lake,odd,59.321025,135.5558722,0.547191604,226.6689781
2003,East Fork Andreafsky River,odd,62.11745278,162.8026472,1.790508249,201.4710599
2003,Yukon River Pilot Station,odd,61.94334722,162.8684389,1.713099371,197.1760492
2003,Hugh Smith,odd,55.09679444,130.7146639,-1.330938846,241.366301
2003,Kwethluk River,odd,60.50156389,161.1190611,1.072069687,213
2003,Auke Creek,odd,58.38052222,134.6422139,0.12903571,238.27871
2003,Deshka,odd,61.70486389,150.3226389,1.607067562,213.3812566
2003,Karluk,odd,57.56256111,154.3904528,-0.23463707,227.3125394
2003,Ayakulik,odd,57.19558333,154.5353167,-0.397798652,209.5469637
2003,Tuluksak River weir,odd,61.04401667,160.58415,1.313249013,209
2003,Buskin,odd,57.77676111,152.5370806,-0.139401846,236.6383827
2003,North River,odd,63.53168,160.3948398,2.419286241,200.7314343
2003,Kanektok River,odd,59.7702,161.0668333,0.746898801,196.368653
2003,Situk Lower,odd,59.44026667,139.5619222,0.600207509,215.6530532
2003,Nass Gitwinksihlkw,odd,55.192297,129.221854,-1.288477561,211.9914971
2004,North River,even,63.53168,160.3948398,2.419286241,191.0521216
2004,Chilkoot Lake,even,59.321025,135.5558722,0.547191604,226.1475077
2004,Ayakulik,even,57.19558333,154.5353167,-0.397798652,221.4336951
2004,Kanektok River,even,59.7702,161.0668333,0.746898801,215.4959063
2004,Babine,even,55.32963611,126.6314611,-1.227415371,233.3499678
2004,Kwethluk River,even,60.50156389,161.1190611,1.072069687,218
2004,Deshka,even,61.70486389,150.3226389,1.607067562,211.025475
2004,Yukon River Pilot Station,even,61.94334722,162.8684389,1.713099371,197.0781772
2004,East Fork Andreafsky River,even,62.11745278,162.8026472,1.790508249,199.2723784
2004,Hugh Smith,even,55.09679444,130.7146639,-1.330938846,241.5751834
2004,Litnik,even,58.08005,152.8184972,-0.004556911,214.0727755
2004,Nass Gitwinksihlkw,even,55.192297,129.221854,-1.288477561,218.8074189
2004,Auke Creek,even,58.38052222,134.6422139,0.12903571,242.9372282
2004,Tuluksak River weir,even,61.04401667,160.58415,1.313249013,209
2004,Karluk,even,57.56256111,154.3904528,-0.23463707,233.4013396
2004,Buskin,even,57.77676111,152.5370806,-0.139401846,233.0546225
2005,Hugh Smith,odd,55.09679444,130.7146639,-1.330938846,238.4964626
2005,Ayakulik,odd,57.19558333,154.5353167,-0.397798652,227.7773639
2005,Kogrukluk River,odd,60.85080583,157.849982,1.227345759,199.0348944
2005,Karluk,odd,57.56256111,154.3904528,-0.23463707,236.9783071
2005,Auke Creek,odd,58.38052222,134.6422139,0.12903571,230.1175017
2005,Buskin,odd,57.77676111,152.5370806,-0.139401846,227.2932406
2005,Chilkoot Lake,odd,59.321025,135.5558722,0.547191604,221.1086073
2005,Tuluksak River weir,odd,61.04401667,160.58415,1.313249013,201
2005,Litnik,odd,58.08005,152.8184972,-0.004556911,230.4336714
2005,Deshka,odd,61.70486389,150.3226389,1.607067562,212.3245516
2005,East Fork Andreafsky River,odd,62.11745278,162.8026472,1.790508249,195.412116
2005,Yukon River Pilot Station,odd,61.94334722,162.8684389,1.713099371,204.1893111
2005,North River,odd,63.53168,160.3948398,2.419286241,194.972805
2005,Babine,odd,55.32963611,126.6314611,-1.227415371,230.6910951
2005,Nass Gitwinksihlkw,odd,55.192297,129.221854,-1.288477561,214.2831366
2005,Situk Lower,odd,59.44026667,139.5619222,0.600207509,206.0627657
2006,Kanektok River,even,59.7702,161.0668333,0.746898801,235.936042
2006,Olga Creek Upper Station,even,57.05531944,154.3618972,-0.460161223,235.5673884
2006,Salmon River,even,62.88924167,154.5371417,2.133652448,200.0144077
2006,Buskin,even,57.77676111,152.5370806,-0.139401846,232.2718743
2006,Chilkoot Lake,even,59.321025,135.5558722,0.547191604,223.9220971
2006,Ilnik River,even,56.61184167,159.5620556,-0.657335385,186.4746741
2006,Auke Creek,even,58.38052222,134.6422139,0.12903571,230.7044453
2006,Hugh Smith,even,55.09679444,130.7146639,-1.330938846,243.4000936
2006,Kogrukluk River,even,60.85080583,157.849982,1.227345759,221.2301701
2006,Tatlawiksuk River,even,61.91911944,156.2426972,1.702327486,205.1004589
2006,George River,even,61.92531111,157.7014667,1.705080356,200.5829555
2006,Litnik,even,58.08005,152.8184972,-0.004556911,212.8128113
2006,Nass Gitwinksihlkw,even,55.192297,129.221854,-1.288477561,218.7935013
2006,Kwethluk River,even,60.50156389,161.1190611,1.072069687,203
2006,Sandy River,even,56.22445833,160.07385,-0.829569458,187.2935492
2006,Tuluksak River weir,even,61.04401667,160.58415,1.313249013,198
2006,Chignik River,even,56.25600556,158.7328278,-0.815543283,234.678908
2006,Deshka,even,61.70486389,150.3226389,1.607067562,210.6054987
2006,North River,even,63.53168,160.3948398,2.419286241,190.5630603
2006,Ayakulik,even,57.19558333,154.5353167,-0.397798652,223.32675
2006,Babine,even,55.32963611,126.6314611,-1.227415371,233.4945643
2006,Yukon River Pilot Station,even,61.94334722,162.8684389,1.713099371,193.5191976
2006,Karluk,even,57.56256111,154.3904528,-0.23463707,235.9280326
2006,East Fork Andreafsky River,even,62.11745278,162.8026472,1.790508249,198.7676612
2007,Olga Creek Upper Station,odd,57.05531944,154.3618972,-0.460161223,245.2905785
2007,Chilkoot Lake,odd,59.321025,135.5558722,0.547191604,233.039663
2007,Ilnik River,odd,56.61184167,159.5620556,-0.657335385,196.799851
2007,Bear River,odd,56.03693889,160.2689722,-0.91294227,220.196088
2007,George River,odd,61.92531111,157.7014667,1.705080356,205.6619155
2007,Auke Creek,odd,58.38052222,134.6422139,0.12903571,243.5047198
2007,Nelson River Sapsuk,odd,55.87775278,161.3272139,-0.98371783,203.1805279
2007,North River,odd,63.53168,160.3948398,2.419286241,201.7131981
2007,Sandy River,odd,56.22445833,160.07385,-0.829569458,194.113875
2007,Situk Lower,odd,59.44026667,139.5619222,0.600207509,219.6534854
2007,Chignik River,odd,56.25600556,158.7328278,-0.815543283,241.3737414
2007,Buskin,odd,57.77676111,152.5370806,-0.139401846,228.2219919
2007,Kanektok River,odd,59.7702,161.0668333,0.746898801,246.0588506
2007,Nass Gitwinksihlkw,odd,55.192297,129.221854,-1.288477561,219.8378925
2007,Yukon River Pilot Station,odd,61.94334722,162.8684389,1.713099371,205.2506291
2007,Goodnews River,odd,59.16493333,161.4608611,0.477791862,209.240732
2007,Hugh Smith,odd,55.09679444,130.7146639,-1.330938846,242.7805304
2007,Deshka,odd,61.70486389,150.3226389,1.607067562,215.2425815
2007,Ayakulik,odd,57.19558333,154.5353167,-0.397798652,232.066917
2007,Babine,odd,55.32963611,126.6314611,-1.227415371,238.500742
2007,Karluk,odd,57.56256111,154.3904528,-0.23463707,245.3453548
2007,Kwethluk River,odd,60.50156389,161.1190611,1.072069687,207
2007,Litnik,odd,58.08005,152.8184972,-0.004556911,218.7953767
2007,Tatlawiksuk River,odd,61.91911944,156.2426972,1.702327486,203.9997252
2007,Tuluksak River weir,odd,61.04401667,160.58415,1.313249013,210
2007,Dog Salmon River,odd,57.12766667,154.0369861,-0.427995005,219.1626836
2007,Salmon River,odd,62.88924167,154.5371417,2.133652448,201.1360235
2008,Kwethluk River,even,60.50156389,161.1190611,1.072069687,216
2008,Olga Creek Upper Station,even,57.05531944,154.3618972,-0.460161223,225.476185
2008,Yukon River Pilot Station,even,61.94334722,162.8684389,1.713099371,189.810837
2008,Salmon River,even,62.88924167,154.5371417,2.133652448,216.346635
2008,Auke Creek,even,58.38052222,134.6422139,0.12903571,235.0539864
2008,Chilkoot Lake,even,59.321025,135.5558722,0.547191604,229.7948761
2008,Bear River,even,56.03693889,160.2689722,-0.91294227,221.9452675
2008,Nass Gitwinksihlkw,even,55.192297,129.221854,-1.288477561,225.5174378
2008,Deshka,even,61.70486389,150.3226389,1.607067562,211.9710624
2008,Buskin,even,57.77676111,152.5370806,-0.139401846,225.3783258
2008,Kanektok River,even,59.7702,161.0668333,0.746898801,232.0356894
2008,Chignik River,even,56.25600556,158.7328278,-0.815543283,224.6483573
2008,Hugh Smith,even,55.09679444,130.7146639,-1.330938846,240.8689818
2008,Kogrukluk River,even,60.85080583,157.849982,1.227345759,220.8244457
2008,North River,even,63.53168,160.3948398,2.419286241,196.7309315
2008,Tuluksak River weir,even,61.04401667,160.58415,1.313249013,203
2008,Litnik,even,58.08005,152.8184972,-0.004556911,205.061713
2008,Nelson River Sapsuk,even,55.87775278,161.3272139,-0.98371783,202.150735
2008,Goodnews River,even,59.16493333,161.4608611,0.477791862,216.4650309
2008,Tatlawiksuk River,even,61.91911944,156.2426972,1.702327486,209.623687
2008,Karluk,even,57.56256111,154.3904528,-0.23463707,232.967783
2008,Ayakulik,even,57.19558333,154.5353167,-0.397798652,222.417758
2008,Babine,even,55.32963611,126.6314611,-1.227415371,239.8951878
2008,George River,even,61.92531111,157.7014667,1.705080356,207.157068
2009,Auke Creek,odd,58.38052222,134.6422139,0.12903571,236.1324896
2009,Hugh Smith,odd,55.09679444,130.7146639,-1.330938846,234.0185254
2009,Kwethluk River,odd,60.50156389,161.1190611,1.072069687,208
2009,Olga Creek Upper Station,odd,57.05531944,154.3618972,-0.460161223,233.6247548
2009,Nass Gitwinksihlkw,odd,55.192297,129.221854,-1.288477561,220.5644352
2009,Chilkoot Lake,odd,59.321025,135.5558722,0.547191604,233.1667881
2009,Kanektok River,odd,59.7702,161.0668333,0.746898801,240.2193756
2009,Buskin,odd,57.77676111,152.5370806,-0.139401846,226.8399218
2009,Dog Salmon River,odd,57.12766667,154.0369861,-0.427995005,216.5017149
2009,Babine,odd,55.32963611,126.6314611,-1.227415371,238.3434164
2009,Chignik River,odd,56.25600556,158.7328278,-0.815543283,213.7303543
2009,George River,odd,61.92531111,157.7014667,1.705080356,203.9868772
2009,Bear River,odd,56.03693889,160.2689722,-0.91294227,222.5446624
2009,Ayakulik,odd,57.19558333,154.5353167,-0.397798652,224.3033941
2009,North River,odd,63.53168,160.3948398,2.419286241,203.6687571
2009,Salmon River,odd,62.88924167,154.5371417,2.133652448,205.8709593
2009,Goodnews River,odd,59.16493333,161.4608611,0.477791862,215.0561487
2009,Karluk,odd,57.56256111,154.3904528,-0.23463707,239.8843874
2009,Deshka,odd,61.70486389,150.3226389,1.607067562,215.4878612
2009,Yukon River Pilot Station,odd,61.94334722,162.8684389,1.713099371,208.2831665
2009,Litnik,odd,58.08005,152.8184972,-0.004556911,215.5432263
2009,Tuluksak River weir,odd,61.04401667,160.58415,1.313249013,209
2010,Tuluksak River weir,even,61.04401667,160.58415,1.313249013,213
2010,Bear River,even,56.03693889,160.2689722,-0.91294227,206.3486499
2010,George River,even,61.92531111,157.7014667,1.705080356,202.2426298
2010,Kanektok River,even,59.7702,161.0668333,0.746898801,230.2627284
2010,Auke Creek,even,58.38052222,134.6422139,0.12903571,234.0594138
2010,Chignik River,even,56.25600556,158.7328278,-0.815543283,224.7128781
2010,Olga Creek Upper Station,even,57.05531944,154.3618972,-0.460161223,229.160441
2010,Dog Salmon River,even,57.12766667,154.0369861,-0.427995005,219.5434131
2010,Ayakulik,even,57.19558333,154.5353167,-0.397798652,217.0870163
2010,North River,even,63.53168,160.3948398,2.419286241,195.9989314
2010,Yukon River Pilot Station,even,61.94334722,162.8684389,1.713099371,196.4783168
2010,Kwethluk River,even,60.50156389,161.1190611,1.072069687,204
2010,Litnik,even,58.08005,152.8184972,-0.004556911,234.70728
2010,Situk Lower,even,59.44026667,139.5619222,0.600207509,213.0191151
2010,Babine,even,55.32963611,126.6314611,-1.227415371,239.3598706
2010,Hugh Smith,even,55.09679444,130.7146639,-1.330938846,241.871769
2010,Kogrukluk River,even,60.85080583,157.849982,1.227345759,211.1438973
2010,Nass Gitwinksihlkw,even,55.192297,129.221854,-1.288477561,224.3672573
2010,Goodnews River,even,59.16493333,161.4608611,0.477791862,210.1722153
2010,Deshka,even,61.70486389,150.3226389,1.607067562,210.830017
2010,Karluk,even,57.56256111,154.3904528,-0.23463707,230.8857335
2010,Chilkoot Lake,even,59.321025,135.5558722,0.547191604,230.8731001
2010,Buskin,even,57.77676111,152.5370806,-0.139401846,233.9351355
2011,Litnik,odd,58.08005,152.8184972,-0.004556911,231.1865925
2011,Goodnews River,odd,59.16493333,161.4608611,0.477791862,212.7478154
2011,Kogrukluk River,odd,60.85080583,157.849982,1.227345759,206.4986198
2011,Deshka,odd,61.70486389,150.3226389,1.607067562,212.6059891
2011,Hugh Smith,odd,55.09679444,130.7146639,-1.330938846,241.2505086
2011,Kanektok River,odd,59.7702,161.0668333,0.746898801,240.4677596
2011,Kwethluk River,odd,60.50156389,161.1190611,1.072069687,211
2011,Karluk,odd,57.56256111,154.3904528,-0.23463707,239.8069017
2011,Ilnik River,odd,56.61184167,159.5620556,-0.657335385,183.0612493
2011,George River,odd,61.92531111,157.7014667,1.705080356,207.8308249
2011,Dog Salmon River,odd,57.12766667,154.0369861,-0.427995005,217.4492479
2011,Tatlawiksuk River,odd,61.91911944,156.2426972,1.702327486,204.9710549
2011,Chilkoot Lake,odd,59.321025,135.5558722,0.547191604,233.3285589
2011,Ayakulik,odd,57.19558333,154.5353167,-0.397798652,225.8144087
2011,Babine,odd,55.32963611,126.6314611,-1.227415371,236.6633563
2011,Bear River,odd,56.03693889,160.2689722,-0.91294227,230.9748139
2011,Chignik River,odd,56.25600556,158.7328278,-0.815543283,211.1441917
2011,North River,odd,63.53168,160.3948398,2.419286241,207.1070697
2011,Tuluksak River weir,odd,61.04401667,160.58415,1.313249013,212
2011,Auke Creek,odd,58.38052222,134.6422139,0.12903571,234.6065192
2011,Olga Creek Upper Station,odd,57.05531944,154.3618972,-0.460161223,234.9667213
2011,Nass Gitwinksihlkw,odd,55.192297,129.221854,-1.288477561,220.3150078
2011,Buskin,odd,57.77676111,152.5370806,-0.139401846,234.271707
2011,Yukon River Pilot Station,odd,61.94334722,162.8684389,1.713099371,209.7059434
2012,Olga Creek Upper Station,even,57.05531944,154.3618972,-0.460161223,236.6905948
2012,Deshka,even,61.70486389,150.3226389,1.607067562,212.7056206
2012,Litnik,even,58.08005,152.8184972,-0.004556911,228.0606799
2012,Ayakulik,even,57.19558333,154.5353167,-0.397798652,220.0318141
2012,Situk Lower,even,59.44026667,139.5619222,0.600207509,215.921057
2012,North River,even,63.53168,160.3948398,2.419286241,196.443024
2012,Bear River,even,56.03693889,160.2689722,-0.91294227,211.2340627
2012,Hugh Smith,even,55.09679444,130.7146639,-1.330938846,235.4811738
2012,Dog Salmon River,even,57.12766667,154.0369861,-0.427995005,226.4510644
2012,Buskin,even,57.77676111,152.5370806,-0.139401846,231.6639011
2012,Chilkoot Lake,even,59.321025,135.5558722,0.547191604,233.3314391
2012,Kanektok River,even,59.7702,161.0668333,0.746898801,231.9361761
2012,Babine,even,55.32963611,126.6314611,-1.227415371,240.4481168
2012,Kogrukluk River,even,60.85080583,157.849982,1.227345759,212.8303632
2012,Tuluksak River weir,even,61.04401667,160.58415,1.313249013,210
2012,Yukon River Pilot Station,even,61.94334722,162.8684389,1.713099371,195.1235634
2012,Karluk,even,57.56256111,154.3904528,-0.23463707,231.9351521
2012,George River,even,61.92531111,157.7014667,1.705080356,204.0836705
2012,Nass Gitwinksihlkw,even,55.192297,129.221854,-1.288477561,229.1641787
2013,Nass Gitwinksihlkw,odd,55.192297,129.221854,-1.288477561,218.077085
2013,Bear River,odd,56.03693889,160.2689722,-0.91294227,213.3055893
2013,Little Susitna,odd,61.25595883,150.308019,1.407480384,212.3370621
2013,Olga Creek Upper Station,odd,57.05531944,154.3618972,-0.460161223,235.0832679
2013,Dog Salmon River,odd,57.12766667,154.0369861,-0.427995005,208.8041988
2013,Karluk,odd,57.56256111,154.3904528,-0.23463707,240.788127
2013,Buskin,odd,57.77676111,152.5370806,-0.139401846,224.8525601
2013,Chignik River,odd,56.25600556,158.7328278,-0.815543283,224.6154283
2013,Litnik,odd,58.08005,152.8184972,-0.004556911,224.7908279
2013,Deshka,odd,61.70486389,150.3226389,1.607067562,212.6624744
2013,Coghill River,odd,61.07589722,147.8732611,1.327423391,202.6369527
2014,Coghill River,even,61.07589722,147.8732611,1.327423391,201.4297851
2014,Ayakulik,even,57.19558333,154.5353167,-0.397798652,215.0767201
2014,Nass Gitwinksihlkw,even,55.192297,129.221854,-1.288477561,228.8128752
2014,Deshka,even,61.70486389,150.3226389,1.607067562,203.0815942
2014,Karluk,even,57.56256111,154.3904528,-0.23463707,220.1729081
2014,Litnik,even,58.08005,152.8184972,-0.004556911,220.6280123
2014,Ilnik River,even,56.61184167,159.5620556,-0.657335385,175.8838756
2014,Fish Creek,even,61.44815556,149.8255861,1.492932755,210.8428202
2014,Little Susitna,even,61.25595883,150.308019,1.407480384,211.3230608
2014,Yukon River Anvik River,even,62.680041,160.205599,2.040639972,197.8593154
2014,Buskin,even,57.77676111,152.5370806,-0.139401846,225.353421
2014,Chignik River,even,56.25600556,158.7328278,-0.815543283,227.6220733
2014,Sandy River,even,56.22445833,160.07385,-0.829569458,195.2402496
2014,Olga Creek Upper Station,even,57.05531944,154.3618972,-0.460161223,225.3202593
2014,Dog Salmon River,even,57.12766667,154.0369861,-0.427995005,221.6243403
2015,Nelson River Sapsuk,odd,55.87775278,161.3272139,-0.98371783,197.3095177
2015,Buskin,odd,57.77676111,152.5370806,-0.139401846,227.4670249
2015,Fish Creek,odd,61.44815556,149.8255861,1.492932755,222.3188556
2015,Yukon River Pilot Station,odd,61.94334722,162.8684389,1.713099371,207.8491307
2015,Ayakulik,odd,57.19558333,154.5353167,-0.397798652,227.4480094
2015,Olga Creek Upper Station,odd,57.05531944,154.3618972,-0.460161223,236.3451411
2015,Dog Salmon River,odd,57.12766667,154.0369861,-0.427995005,199.1496691
2015,Sandy River,odd,56.22445833,160.07385,-0.829569458,199.8466744
2015,Little Susitna,odd,61.25595883,150.308019,1.407480384,212.9298557
2015,Nass Gitwinksihlkw,odd,55.192297,129.221854,-1.288477561,217.3938684
2015,Chignik River,odd,56.25600556,158.7328278,-0.815543283,223.6560052
2016,Ayakulik,even,57.19558333,154.5353167,-0.397798652,221.8943464
2016,Olga Creek Upper Station,even,57.05531944,154.3618972,-0.460161223,227.691555
2016,Yukon River Pilot Station,even,61.94334722,162.8684389,1.713099371,200.9742325
2016,Dog Salmon River,even,57.12766667,154.0369861,-0.427995005,216.7882712
2016,Nelson River Sapsuk,even,55.87775278,161.3272139,-0.98371783,204.2869918
2016,Buskin,even,57.77676111,152.5370806,-0.139401846,223.8755509
2016,Little Susitna,even,61.25595883,150.308019,1.407480384,207.4963483
2016,Karluk,even,57.56256111,154.3904528,-0.23463707,224.3841816
2016,Chignik River,even,56.25600556,158.7328278,-0.815543283,213.3633951
2016,Coghill River,even,61.07589722,147.8732611,1.327423391,202.1228517
2016,Deshka,even,61.70486389,150.3226389,1.607067562,203.495073